epoch,BIoU,acc,loss,val_BIoU,val_acc,val_loss
0,0.3767589032649994,0.7918108105659485,0.45418402552604675,0.20904679596424103,0.5862611532211304,0.757465124130249
1,0.4158448278903961,0.8455005288124084,0.3421425223350525,0.2283555269241333,0.25399020314216614,1.4408671855926514
2,0.41992294788360596,0.8461739420890808,0.3354472815990448,0.21114906668663025,0.4034684896469116,0.9771246910095215
3,0.44554078578948975,0.8553968667984009,0.3191370666027069,0.23041702806949615,0.29640892148017883,1.423659324645996
4,0.45677387714385986,0.8504228591918945,0.3265003263950348,0.2263021320104599,0.3199320435523987,1.36415696144104
5,0.4726814329624176,0.8551773428916931,0.31769704818725586,0.22691085934638977,0.3187686502933502,1.7819010019302368
6,0.4757239520549774,0.864208459854126,0.2992880344390869,0.23364949226379395,0.39488935470581055,1.556713581085205
7,0.4588719308376312,0.8585547804832458,0.3126785159111023,0.20396097004413605,0.6523943543434143,0.7783790826797485
8,0.4518755078315735,0.8629042506217957,0.3042853772640228,0.2898578643798828,0.6211221814155579,0.9743503928184509
9,0.4744691550731659,0.8596681952476501,0.31348732113838196,0.285305380821228,0.7269577383995056,0.6598631739616394
10,0.4256610572338104,0.8377321362495422,0.35797375440597534,0.32039177417755127,0.6864850521087646,0.7136917114257812
11,0.4273865818977356,0.8464276790618896,0.3383430242538452,0.2854340374469757,0.41714397072792053,1.8515703678131104
12,0.4517250061035156,0.8620661497116089,0.30711108446121216,0.31185653805732727,0.5711215138435364,0.9246625900268555
13,0.4663350582122803,0.8591591715812683,0.3132653832435608,0.30679798126220703,0.4896118640899658,1.153791904449463
14,0.4629874527454376,0.8652955293655396,0.2999013364315033,0.37097400426864624,0.7372016310691833,0.4994239807128906
15,0.46979784965515137,0.8692724704742432,0.29043546319007874,0.38920119404792786,0.7573106288909912,0.46646809577941895
16,0.48489809036254883,0.8654336333274841,0.3006100058555603,0.431575208902359,0.8298974633216858,0.3552686274051666
17,0.48940202593803406,0.8689668774604797,0.2896546423435211,0.45757636427879333,0.8189852237701416,0.36697566509246826
18,0.5013673305511475,0.8757913112640381,0.277024507522583,0.4920514225959778,0.8645806312561035,0.2979297339916229
19,0.5159350633621216,0.8794846534729004,0.2715628445148468,0.5087883472442627,0.8703383803367615,0.2870137095451355
20,0.4992189109325409,0.8771474957466125,0.2690012454986572,0.5035721063613892,0.860072672367096,0.3029216229915619
21,0.5124025940895081,0.8764249682426453,0.27636080980300903,0.5137408375740051,0.8820495009422302,0.26643380522727966
22,0.5103676319122314,0.8687874674797058,0.2885952293872833,0.510832667350769,0.8839911818504333,0.2617999017238617
23,0.5063981413841248,0.8812658190727234,0.2653310000896454,0.5204058289527893,0.885359525680542,0.26008784770965576
24,0.5169268846511841,0.8832479119300842,0.2614487409591675,0.5218324661254883,0.88539057970047,0.2586551308631897
25,0.5217423439025879,0.8810057640075684,0.2651735842227936,0.5216066241264343,0.8785389065742493,0.27115103602409363
26,0.5388657450675964,0.8813441395759583,0.262317419052124,0.5207054615020752,0.8843971490859985,0.26044511795043945
27,0.5451125502586365,0.887864887714386,0.25139304995536804,0.526311993598938,0.8868329524993896,0.2552068829536438
28,0.5169251561164856,0.8832169771194458,0.262317955493927,0.5404390096664429,0.8862842321395874,0.25549769401550293
29,0.5274077653884888,0.8786184787750244,0.26663938164711,0.5287313461303711,0.8881340622901917,0.2510160207748413
30,0.5321820378303528,0.8832787871360779,0.2620480954647064,0.5374130010604858,0.8883867859840393,0.25226378440856934
31,0.5412947535514832,0.8833809494972229,0.2601497769355774,0.5414407849311829,0.8900493383407593,0.24770045280456543
32,0.5363068580627441,0.8860910534858704,0.2525229752063751,0.5251190066337585,0.8926629424095154,0.2445022314786911
33,0.5371221899986267,0.8896664381027222,0.24589255452156067,0.5281281471252441,0.8880642652511597,0.2526402771472931
34,0.5438279509544373,0.8906767964363098,0.24674522876739502,0.5515867471694946,0.8919792771339417,0.24611513316631317
35,0.5425417423248291,0.8888576030731201,0.250021755695343,0.5405185222625732,0.8918826580047607,0.24462462961673737
36,0.5460962653160095,0.8901304006576538,0.2482331097126007,0.5513143539428711,0.8928965926170349,0.24265676736831665
37,0.5426427125930786,0.8840831518173218,0.25468432903289795,0.5453963875770569,0.8890365958213806,0.24952132999897003
38,0.5485296845436096,0.887656569480896,0.2513297200202942,0.542048454284668,0.8940299153327942,0.2415323555469513
39,0.5507127046585083,0.890340268611908,0.24137136340141296,0.5489576458930969,0.8907822370529175,0.24550677835941315
40,0.5523329377174377,0.8936463594436646,0.23982881009578705,0.5510784983634949,0.8936519622802734,0.24083147943019867
41,0.5511078238487244,0.8907736539840698,0.24452729523181915,0.5606231093406677,0.8912506103515625,0.24357502162456512
42,0.5512895584106445,0.8894820809364319,0.2466101050376892,0.5427341461181641,0.8934743404388428,0.24127309024333954
43,0.5667476654052734,0.8945651650428772,0.23466962575912476,0.5424823760986328,0.8951572775840759,0.2403501719236374
44,0.5655311942100525,0.8909397125244141,0.2466506063938141,0.5629051923751831,0.8945565819740295,0.2379666119813919
45,0.5459301471710205,0.8912283778190613,0.2423204630613327,0.5506481528282166,0.8937731981277466,0.23832476139068604
46,0.5580129027366638,0.8919481039047241,0.24225924909114838,0.5625890493392944,0.8890690803527832,0.24862384796142578
47,0.5854763388633728,0.8942453861236572,0.238002210855484,0.5665689706802368,0.8952069878578186,0.23802033066749573
48,0.5738133788108826,0.8977832198143005,0.22956378757953644,0.567890465259552,0.8879819512367249,0.25008469820022583
49,0.5609006285667419,0.8951585292816162,0.23314599692821503,0.5361405611038208,0.8928786516189575,0.24430564045906067
50,0.5771759152412415,0.8981873393058777,0.2298303246498108,0.5728673338890076,0.8958368897438049,0.23655226826667786
51,0.5800181031227112,0.8962188959121704,0.23243165016174316,0.559953510761261,0.8949805498123169,0.2383173555135727
52,0.5804510712623596,0.9005360007286072,0.2254643589258194,0.5529690980911255,0.8959167003631592,0.23568843305110931
53,0.5709915161132812,0.8980591893196106,0.2295825332403183,0.5438035726547241,0.8937050700187683,0.24518980085849762
54,0.5723745822906494,0.8978915214538574,0.2309931516647339,0.5559283494949341,0.8983500003814697,0.23152223229408264
55,0.5848899483680725,0.900078535079956,0.225777268409729,0.582436203956604,0.8966970443725586,0.2328074872493744
56,0.5839840769767761,0.8999800682067871,0.22652791440486908,0.5561354756355286,0.8969265222549438,0.23768934607505798
57,0.5817232728004456,0.8956956267356873,0.23320652544498444,0.5493279099464417,0.8953371644020081,0.23984737694263458
58,0.5747538805007935,0.8973966240882874,0.22729186713695526,0.5765430331230164,0.8982588052749634,0.23200686275959015
59,0.5917395353317261,0.9034277200698853,0.21820777654647827,0.5671401619911194,0.8946525454521179,0.237435445189476
60,0.5909560322761536,0.9016079902648926,0.2236603945493698,0.5681509971618652,0.8968795537948608,0.23827525973320007
61,0.5767382979393005,0.902858555316925,0.21816638112068176,0.5730761289596558,0.8984793424606323,0.23203396797180176
62,0.5769628286361694,0.894477128982544,0.23599772155284882,0.5362227559089661,0.8904340863227844,0.25796598196029663
63,0.5831748247146606,0.8993731737136841,0.22725380957126617,0.5782375335693359,0.8977391123771667,0.2347908616065979
64,0.5941376686096191,0.9018230438232422,0.22229652106761932,0.5778628587722778,0.8975416421890259,0.2360781580209732
65,0.5817346572875977,0.9003350138664246,0.22268418967723846,0.574088990688324,0.8980005383491516,0.23190508782863617
66,0.607973039150238,0.9027054309844971,0.21876342594623566,0.5532789826393127,0.8976700901985168,0.23384784162044525
67,0.5876420140266418,0.904798150062561,0.21778208017349243,0.5851331949234009,0.8946497440338135,0.23852260410785675
68,0.5912230014801025,0.9044482111930847,0.21392983198165894,0.5818745493888855,0.899365246295929,0.2296924889087677
69,0.5847595930099487,0.9023332595825195,0.22092320024967194,0.5849162936210632,0.8965556621551514,0.2339421659708023
70,0.602853536605835,0.8986433744430542,0.22839054465293884,0.5774786472320557,0.9001254439353943,0.2324581742286682
71,0.607583224773407,0.9066451787948608,0.21144035458564758,0.5742813348770142,0.898350715637207,0.23463352024555206
72,0.6048976182937622,0.9090449213981628,0.2067706137895584,0.5847090482711792,0.8951061964035034,0.23541148006916046
73,0.603840708732605,0.9047552943229675,0.21396249532699585,0.5802440643310547,0.8977381587028503,0.23166623711585999
74,0.601806104183197,0.9057367444038391,0.21110396087169647,0.581574022769928,0.9002256393432617,0.22933173179626465
75,0.6034278273582458,0.9072682857513428,0.21094827353954315,0.5882322788238525,0.8992726802825928,0.2295396775007248
76,0.6045353412628174,0.9065037369728088,0.2115289568901062,0.5887986421585083,0.8960775136947632,0.23547038435935974
77,0.6069887280464172,0.9049978852272034,0.21628034114837646,0.5863291025161743,0.9004842042922974,0.22748149931430817
78,0.594548225402832,0.903816282749176,0.21515317261219025,0.5924565196037292,0.8986863493919373,0.2303600311279297
79,0.604604184627533,0.9055064916610718,0.2126932442188263,0.5679801106452942,0.8985198736190796,0.2359657883644104
80,0.6122329831123352,0.9065892100334167,0.21078957617282867,0.5817587971687317,0.8985064625740051,0.23178446292877197
81,0.600722074508667,0.9070500731468201,0.21078674495220184,0.5632719993591309,0.8971028327941895,0.23310734331607819
82,0.6022028923034668,0.9098877906799316,0.20511165261268616,0.5961940884590149,0.8977823257446289,0.23356017470359802
83,0.6179137229919434,0.90725177526474,0.2081790268421173,0.599719762802124,0.8969082832336426,0.2337927371263504
84,0.6163044571876526,0.9087448716163635,0.20735351741313934,0.5979156494140625,0.8927041292190552,0.24420307576656342
85,0.6141716241836548,0.9101586937904358,0.20320676267147064,0.581297755241394,0.9007043242454529,0.22684445977210999
86,0.6172921657562256,0.9085307717323303,0.21083438396453857,0.5682739615440369,0.899575412273407,0.23061087727546692
87,0.6054640412330627,0.9074774384498596,0.2081805318593979,0.5984482169151306,0.8992462158203125,0.2293291836977005
88,0.6031805872917175,0.9084171652793884,0.20706182718276978,0.5973665714263916,0.8964682221412659,0.23623858392238617
89,0.6196860074996948,0.9128352999687195,0.19917048513889313,0.5805590748786926,0.8980648517608643,0.23260296881198883
90,0.6279258728027344,0.9111709594726562,0.200539693236351,0.5959210395812988,0.8993234038352966,0.22670380771160126
91,0.6195769309997559,0.9096413254737854,0.205039843916893,0.5923135876655579,0.9018256664276123,0.22436381876468658
92,0.613119900226593,0.9108282923698425,0.20383413136005402,0.6007115840911865,0.8982481956481934,0.23130370676517487
93,0.6207504272460938,0.9117682576179504,0.19994978606700897,0.5928957462310791,0.9006801843643188,0.2275615632534027
94,0.6102548241615295,0.9124807715415955,0.19872049987316132,0.5812457203865051,0.9012638330459595,0.2252763956785202
95,0.6290796399116516,0.9131163954734802,0.1978895515203476,0.5897955894470215,0.8983603119850159,0.2331957370042801
96,0.6393672823905945,0.9124127626419067,0.20072050392627716,0.5927165150642395,0.9029982686042786,0.22432222962379456
97,0.6240960955619812,0.9124768376350403,0.1985422670841217,0.5986729264259338,0.8987604975700378,0.23197773098945618
98,0.6315038800239563,0.9121845960617065,0.19967059791088104,0.5871937274932861,0.8996298313140869,0.22974224388599396
99,0.6303049325942993,0.9123604893684387,0.19981156289577484,0.6060279011726379,0.8967841863632202,0.23713411390781403
100,0.6282041072845459,0.9161750078201294,0.19231203198432922,0.6076135635375977,0.9018872380256653,0.22559703886508942
101,0.6214619278907776,0.9129505157470703,0.19936338067054749,0.5912459492683411,0.8991878032684326,0.23155304789543152
102,0.6205461621284485,0.9140616059303284,0.1956309676170349,0.6049843430519104,0.8989270925521851,0.23226222395896912
103,0.6284154653549194,0.908126950263977,0.2087753564119339,0.5915460586547852,0.9015088677406311,0.2290043979883194
104,0.6338866949081421,0.9161974191665649,0.19162017107009888,0.5955775380134583,0.8997839093208313,0.22918303310871124
105,0.6338202357292175,0.9115134477615356,0.20011337101459503,0.5852957963943481,0.9005545973777771,0.23012025654315948
106,0.6344499588012695,0.9144160151481628,0.1958947330713272,0.606955349445343,0.8965051174163818,0.23517262935638428
107,0.6410880088806152,0.9165828227996826,0.19118624925613403,0.6027674674987793,0.9020428657531738,0.2254435271024704
108,0.6199786067008972,0.9156761765480042,0.1916363388299942,0.5950780510902405,0.9004315137863159,0.22857291996479034
109,0.637178897857666,0.9158067107200623,0.19245794415473938,0.5773041248321533,0.9002283811569214,0.22812460362911224
110,0.6342546343803406,0.9142934679985046,0.19509360194206238,0.5899854302406311,0.8973161578178406,0.23182260990142822
111,0.6321903467178345,0.9166893362998962,0.1913277804851532,0.6086104512214661,0.896271824836731,0.2384951114654541
112,0.6322938799858093,0.9146646857261658,0.19442589581012726,0.5982456803321838,0.9011780619621277,0.23006221652030945
113,0.6430901288986206,0.9179720878601074,0.18795432150363922,0.6055555939674377,0.9036397933959961,0.22618938982486725
114,0.6371231079101562,0.9170607924461365,0.18911977112293243,0.6087899804115295,0.9019286036491394,0.22663885354995728
115,0.6330484747886658,0.9152381420135498,0.1928023099899292,0.6040337085723877,0.8969417214393616,0.2361096739768982
116,0.634255051612854,0.9146655201911926,0.19496172666549683,0.6198816895484924,0.90234375,0.2280864417552948
117,0.6443256139755249,0.918955385684967,0.18573613464832306,0.6155319213867188,0.9007323384284973,0.22982461750507355
118,0.6507399082183838,0.9192116260528564,0.18352916836738586,0.5895735621452332,0.9015190005302429,0.22812993824481964
119,0.6600480675697327,0.9220501184463501,0.18056434392929077,0.592058539390564,0.9033271670341492,0.2256188690662384
120,0.6455361247062683,0.9194542765617371,0.18432053923606873,0.606303870677948,0.9018338918685913,0.226370707154274
121,0.6421990394592285,0.918216347694397,0.18581046164035797,0.5857191681861877,0.9028071165084839,0.2259036749601364
122,0.6486380100250244,0.919847309589386,0.1837991327047348,0.6104490160942078,0.9020634293556213,0.22444754838943481
123,0.6500238180160522,0.9154093861579895,0.1933332234621048,0.6090984344482422,0.8944215178489685,0.24242670834064484
124,0.6482834219932556,0.9202539324760437,0.18313609063625336,0.6187425851821899,0.8950691223144531,0.23778146505355835
125,0.6359958648681641,0.9179719090461731,0.18810757994651794,0.6032865047454834,0.8996254801750183,0.231337308883667
126,0.6608808040618896,0.9190017580986023,0.18506498634815216,0.6105208992958069,0.9014206528663635,0.22619286179542542
127,0.6364229917526245,0.9180379509925842,0.18793684244155884,0.6006010174751282,0.902866005897522,0.2263687402009964
128,0.6453678011894226,0.9194396138191223,0.1844647228717804,0.6088560819625854,0.8947848081588745,0.24125486612319946
129,0.6596351861953735,0.9239416122436523,0.17567306756973267,0.6116188168525696,0.9040611386299133,0.2215929478406906
130,0.6603342294692993,0.92146235704422,0.17984279990196228,0.6127362847328186,0.9025952816009521,0.22619810700416565
131,0.6623885035514832,0.9222727417945862,0.17753703892230988,0.6120535731315613,0.9020986557006836,0.23043964803218842
132,0.65484219789505,0.9197553992271423,0.18430615961551666,0.6007307171821594,0.9020838141441345,0.2308310866355896
133,0.6524844765663147,0.919643759727478,0.18506686389446259,0.6092602610588074,0.9015394449234009,0.22774198651313782
134,0.6448372006416321,0.9212590456008911,0.18205945193767548,0.6039757132530212,0.9014395475387573,0.22687554359436035
135,0.6450581550598145,0.9243152141571045,0.1755639761686325,0.6129045486450195,0.9001148343086243,0.23294155299663544
136,0.6712815761566162,0.9248621463775635,0.17309817671775818,0.6161743998527527,0.9015163779258728,0.23295080661773682
137,0.6585375666618347,0.9196261763572693,0.1827646791934967,0.6218107342720032,0.9044123291969299,0.22302870452404022
138,0.6561434268951416,0.9200198650360107,0.18112137913703918,0.6089155673980713,0.9040012955665588,0.22621563076972961
139,0.671232283115387,0.9257569313049316,0.17199081182479858,0.6098109483718872,0.9027908444404602,0.23331113159656525
140,0.6538525223731995,0.9245566129684448,0.1735384166240692,0.6149441003799438,0.8959846496582031,0.23949742317199707
141,0.6636248230934143,0.9245885014533997,0.17422343790531158,0.6058746576309204,0.9018228054046631,0.22874996066093445
142,0.6724878549575806,0.918957531452179,0.1847670078277588,0.6102808713912964,0.9027998447418213,0.22716689109802246
143,0.6492742300033569,0.9219939708709717,0.17723917961120605,0.6186366081237793,0.90199875831604,0.2280241698026657
144,0.6699942946434021,0.9237956404685974,0.1758721023797989,0.610381543636322,0.9034237265586853,0.22696352005004883
145,0.6617390513420105,0.923613429069519,0.17686089873313904,0.6010844707489014,0.9027768969535828,0.23450949788093567
146,0.653454601764679,0.9234247207641602,0.17656907439231873,0.5950387716293335,0.9025430679321289,0.22563526034355164
147,0.6831727027893066,0.9263326525688171,0.17106938362121582,0.6049146056175232,0.9008897542953491,0.23251549899578094
148,0.6720507740974426,0.9257126450538635,0.17123712599277496,0.6228757500648499,0.9021303653717041,0.2286798506975174
149,0.6718240976333618,0.9257383346557617,0.1709262877702713,0.62321937084198,0.9046270847320557,0.22339074313640594
150,0.679205596446991,0.9264505505561829,0.16890060901641846,0.6129300594329834,0.9019061326980591,0.23491191864013672
151,0.6612966060638428,0.924091637134552,0.1745966225862503,0.5989862084388733,0.9041065573692322,0.22654841840267181
152,0.6812595725059509,0.9259167909622192,0.17201447486877441,0.6152549386024475,0.8971651792526245,0.24006091058254242
153,0.672340989112854,0.9239010810852051,0.17407068610191345,0.6050780415534973,0.9028552174568176,0.23446723818778992
154,0.6763084530830383,0.9264954328536987,0.16986790299415588,0.6234344244003296,0.9016969799995422,0.22991439700126648
155,0.6699441075325012,0.9276902675628662,0.16687434911727905,0.6186389327049255,0.9041560292243958,0.2270205169916153
156,0.6658837795257568,0.9244661927223206,0.17369294166564941,0.6096912622451782,0.9036769270896912,0.2287754863500595
157,0.6637162566184998,0.9254963994026184,0.1710875779390335,0.6275175213813782,0.9006810784339905,0.23444359004497528
158,0.6714049577713013,0.9247961044311523,0.17336441576480865,0.613486647605896,0.8969388604164124,0.23673275113105774
159,0.6742377281188965,0.9261308312416077,0.17111386358737946,0.622577428817749,0.9028654098510742,0.2286243438720703
160,0.6875932216644287,0.9279311895370483,0.16701333224773407,0.6230022311210632,0.8962873816490173,0.24352602660655975
161,0.6799286603927612,0.9260364770889282,0.1702674776315689,0.6177043318748474,0.9040027260780334,0.2261565923690796
162,0.675677478313446,0.927330732345581,0.1671062856912613,0.6261882185935974,0.9029271602630615,0.22506563365459442
163,0.6671083569526672,0.9275254607200623,0.16567949950695038,0.6285380125045776,0.9021176099777222,0.22789928317070007
164,0.680242121219635,0.9280144572257996,0.16659846901893616,0.6169060468673706,0.9025716781616211,0.22945111989974976
165,0.6680701971054077,0.927598237991333,0.16615882515907288,0.6304035782814026,0.8973438143730164,0.24151276051998138
166,0.6856796145439148,0.9286035299301147,0.1657404899597168,0.6012170314788818,0.9008588790893555,0.2486378252506256
167,0.6822126507759094,0.927067756652832,0.16886214911937714,0.6147148013114929,0.8913062810897827,0.25449690222740173
168,0.6698407530784607,0.9289214611053467,0.16423089802265167,0.6265652179718018,0.9021236896514893,0.22666515409946442
169,0.6865629553794861,0.9264523983001709,0.1682082563638687,0.6151158809661865,0.9054144620895386,0.2304551750421524
170,0.685809314250946,0.9301365613937378,0.1612340807914734,0.6152728199958801,0.9039943218231201,0.22885249555110931
171,0.675584077835083,0.9302672147750854,0.16233158111572266,0.6117972731590271,0.9025169610977173,0.22989125549793243
172,0.6869037747383118,0.9288589358329773,0.1634710282087326,0.6171025037765503,0.899732768535614,0.23676060140132904
173,0.6766656041145325,0.9285369515419006,0.1651591956615448,0.6267247796058655,0.9014580845832825,0.23436030745506287
174,0.6822109222412109,0.9300352931022644,0.163363978266716,0.6225917935371399,0.902431070804596,0.23107637465000153
175,0.6848084330558777,0.9302403330802917,0.16137969493865967,0.6028481125831604,0.9038694500923157,0.23130065202713013
176,0.6890578269958496,0.9279224872589111,0.16722619533538818,0.634553074836731,0.9021655321121216,0.23093397915363312
177,0.6843835711479187,0.9287927150726318,0.16355416178703308,0.5765445828437805,0.8990127444267273,0.2464579939842224
178,0.6819645762443542,0.9319627285003662,0.15755221247673035,0.6090966463088989,0.9015759229660034,0.2406986504793167
179,0.6689876317977905,0.9290243983268738,0.16443166136741638,0.6261300444602966,0.902161180973053,0.23029610514640808
180,0.6885520219802856,0.9293403625488281,0.1630358099937439,0.6265556812286377,0.9001868963241577,0.2350449413061142
181,0.6887712478637695,0.9298898577690125,0.1625182181596756,0.626887321472168,0.901803195476532,0.23241816461086273
182,0.6789365410804749,0.9302600026130676,0.16202670335769653,0.6270198225975037,0.9052589535713196,0.22478148341178894
183,0.687804102897644,0.9322754740715027,0.15759868919849396,0.6211072206497192,0.9053447246551514,0.22429154813289642
184,0.6899340152740479,0.9330908060073853,0.15505659580230713,0.6231464743614197,0.9036781191825867,0.2266601026058197
185,0.6898389458656311,0.9312663078308105,0.15906545519828796,0.6244129538536072,0.9028415679931641,0.23033468425273895
186,0.7130428552627563,0.9346041679382324,0.15361572802066803,0.622586190700531,0.9033331274986267,0.230270653963089
187,0.6964935660362244,0.9304083585739136,0.1609354019165039,0.6199401021003723,0.9033361077308655,0.23118528723716736
188,0.6971842050552368,0.9327908158302307,0.1546415239572525,0.6266804933547974,0.9042537808418274,0.22815823554992676
189,0.697685956954956,0.9327703714370728,0.156760111451149,0.627653181552887,0.9036920666694641,0.2292695939540863
190,0.6760724186897278,0.9321057200431824,0.15741465985774994,0.6295365691184998,0.9024072289466858,0.23366276919841766
191,0.6997771859169006,0.9316903352737427,0.15856283903121948,0.6341366767883301,0.9038650989532471,0.228684201836586
192,0.6895087957382202,0.9301601648330688,0.16048140823841095,0.6172892451286316,0.901982843875885,0.2322230488061905
193,0.6874575614929199,0.934428334236145,0.15306565165519714,0.6208967566490173,0.9024145007133484,0.23320533335208893
194,0.7141880989074707,0.9331852793693542,0.15545260906219482,0.6264844536781311,0.9031784534454346,0.23184645175933838
195,0.6823854446411133,0.934207558631897,0.15218296647071838,0.6268696188926697,0.9035628437995911,0.2300092726945877
196,0.7011479735374451,0.9307498931884766,0.15987594425678253,0.626041829586029,0.9042298197746277,0.22705218195915222
197,0.6904997229576111,0.9300603270530701,0.16202683746814728,0.6270769238471985,0.904384970664978,0.22618025541305542
198,0.6980023980140686,0.930801272392273,0.16033326089382172,0.6296266913414001,0.9036272764205933,0.2307269275188446
199,0.6842246055603027,0.9294894337654114,0.16274277865886688,0.6263626217842102,0.9038140773773193,0.22919319570064545
200,0.7050395607948303,0.9344879984855652,0.15282127261161804,0.6237978935241699,0.9042463898658752,0.22888430953025818
201,0.6985960602760315,0.9354314208030701,0.15021063387393951,0.6295483708381653,0.9044212102890015,0.2282898724079132
202,0.6899994611740112,0.9324358701705933,0.15629889070987701,0.6275338530540466,0.9050729870796204,0.22523538768291473
203,0.7002032995223999,0.9308335781097412,0.16058196127414703,0.624032199382782,0.9017927050590515,0.2349073439836502
204,0.702836275100708,0.934002697467804,0.15543827414512634,0.625770092010498,0.9040868878364563,0.22530966997146606
205,0.7104545831680298,0.9339211583137512,0.15273812413215637,0.6217343807220459,0.9036609530448914,0.23162907361984253
206,0.7003961205482483,0.930243730545044,0.1611093133687973,0.6283619999885559,0.9041023254394531,0.2280890941619873
207,0.6727440357208252,0.9337725043296814,0.15273278951644897,0.622219443321228,0.903113842010498,0.23139917850494385
208,0.6982619166374207,0.9344217777252197,0.15294411778450012,0.6331853866577148,0.9043736457824707,0.2284974902868271
209,0.6917616724967957,0.9329481720924377,0.15563863515853882,0.6302459239959717,0.9033648371696472,0.2291484773159027
210,0.6994943022727966,0.9342759251594543,0.15267516672611237,0.6205826997756958,0.9027316570281982,0.23135820031166077
211,0.6911340355873108,0.9314771294593811,0.15776662528514862,0.6361745595932007,0.9047717452049255,0.22679603099822998
212,0.700652539730072,0.9314462542533875,0.15922284126281738,0.6248063445091248,0.9027203321456909,0.23246170580387115
213,0.6944035291671753,0.9339624047279358,0.1519078016281128,0.6333801746368408,0.9032990336418152,0.22991621494293213
214,0.6944484710693359,0.9314835071563721,0.1596197932958603,0.6311519145965576,0.9039088487625122,0.23283205926418304
215,0.7122424244880676,0.9329125881195068,0.1559969037771225,0.6276730298995972,0.9055509567260742,0.2293892204761505
216,0.705209493637085,0.9318522214889526,0.15841490030288696,0.6282052993774414,0.9042572379112244,0.229999840259552
217,0.6846117377281189,0.9323736429214478,0.15590287744998932,0.6240084171295166,0.9032721519470215,0.2317119836807251
218,0.7018003463745117,0.9332258105278015,0.15530355274677277,0.6382483839988708,0.9050166606903076,0.2286924421787262
219,0.6952125430107117,0.9313300251960754,0.15886089205741882,0.6365242600440979,0.9061813950538635,0.2248632162809372
220,0.6905869245529175,0.9358597993850708,0.1488867998123169,0.6318981051445007,0.9025529026985168,0.23323923349380493
221,0.694890558719635,0.9321372509002686,0.15748107433319092,0.6295635104179382,0.9043115377426147,0.22992216050624847
222,0.697618842124939,0.9334675073623657,0.15536993741989136,0.6266827583312988,0.903824508190155,0.22834113240242004
223,0.7033138275146484,0.9322137236595154,0.158391535282135,0.6207504868507385,0.9051313996315002,0.22717241942882538
224,0.7054158449172974,0.9334898591041565,0.1545284390449524,0.6144415140151978,0.9051925539970398,0.2274978756904602
225,0.6804711818695068,0.9336351752281189,0.1542433202266693,0.6290802359580994,0.9011997580528259,0.23499183356761932
226,0.7029334306716919,0.9354472160339355,0.14954932034015656,0.6347436904907227,0.9041456580162048,0.2297724038362503
227,0.7003706693649292,0.9324976801872253,0.15693087875843048,0.6265062689781189,0.906233012676239,0.22386161983013153
228,0.7013064026832581,0.9334624409675598,0.15451255440711975,0.6169558167457581,0.902929425239563,0.231891930103302
229,0.6821401715278625,0.9325780272483826,0.155954509973526,0.6257045865058899,0.9044698476791382,0.22974801063537598
230,0.6954049468040466,0.9321553707122803,0.15857774019241333,0.631381630897522,0.9027878642082214,0.2329496592283249
231,0.6988356113433838,0.9326350688934326,0.15712261199951172,0.6302155256271362,0.9030013084411621,0.23238694667816162
232,0.7041765451431274,0.9340667128562927,0.15255548059940338,0.6255178451538086,0.904047966003418,0.22978904843330383
233,0.7021477818489075,0.9347560405731201,0.15202201902866364,0.6355726718902588,0.9043956398963928,0.22672279179096222
234,0.6903724670410156,0.9299400448799133,0.16138684749603271,0.6292293071746826,0.9026748538017273,0.2323189079761505
235,0.6938257813453674,0.9318299293518066,0.1575218141078949,0.6328807473182678,0.9055483937263489,0.22523629665374756
236,0.6986836791038513,0.9335449934005737,0.1540316641330719,0.635067880153656,0.9042823314666748,0.23183558881282806
237,0.7049538493156433,0.9351203441619873,0.15047428011894226,0.628121554851532,0.9047362208366394,0.2281351238489151
238,0.6906605958938599,0.9326195120811462,0.15522423386573792,0.6349010467529297,0.9044885039329529,0.22738201916217804
239,0.6971340775489807,0.9327015280723572,0.1555885523557663,0.6244785189628601,0.904327929019928,0.23057915270328522
240,0.7012905478477478,0.9359714984893799,0.14886753261089325,0.6304677724838257,0.904793381690979,0.2268269956111908
241,0.7020332217216492,0.9335326552391052,0.15444622933864594,0.638189971446991,0.9041976928710938,0.22959193587303162
242,0.7016499638557434,0.9329579472541809,0.15699228644371033,0.6314830183982849,0.9036968350410461,0.2288493514060974
243,0.7016276121139526,0.9313367009162903,0.15933461487293243,0.6220763921737671,0.9022804498672485,0.23357976973056793
244,0.6978626847267151,0.9323523044586182,0.15702784061431885,0.6197961568832397,0.9026668071746826,0.2329549789428711
245,0.6963503360748291,0.9347802400588989,0.15114343166351318,0.6182584166526794,0.9043186902999878,0.22821421921253204
246,0.6985909938812256,0.9333902597427368,0.15465207397937775,0.6294987797737122,0.901818573474884,0.23321497440338135
247,0.7041844725608826,0.9360363483428955,0.14995808899402618,0.6302281618118286,0.9032047986984253,0.23119580745697021
248,0.7057583332061768,0.932934045791626,0.1555900126695633,0.6255689263343811,0.9025485515594482,0.2325114607810974
249,0.6995886564254761,0.934512734413147,0.1525249481201172,0.6235895752906799,0.9034128189086914,0.230971097946167
250,0.6982983350753784,0.9330011010169983,0.1553514450788498,0.6251847743988037,0.9051805734634399,0.22860106825828552
251,0.697939932346344,0.9355546236038208,0.1492958962917328,0.6230909824371338,0.9039217829704285,0.2312186062335968
252,0.6935450434684753,0.9337630867958069,0.15412187576293945,0.6360865831375122,0.9049037098884583,0.22659049928188324
253,0.6969116926193237,0.9340021014213562,0.15374788641929626,0.6336294412612915,0.9041332602500916,0.2280844897031784
254,0.7035790085792542,0.9326413869857788,0.15579627454280853,0.6263125538825989,0.9037057161331177,0.22958147525787354
255,0.708960771560669,0.9348673820495605,0.15229012072086334,0.6225844025611877,0.9028637409210205,0.23098722100257874
256,0.7035976648330688,0.9326090812683105,0.15630173683166504,0.6285434365272522,0.90321946144104,0.229034423828125
257,0.6938309669494629,0.9338353276252747,0.15353550016880035,0.6316532492637634,0.9030042290687561,0.23028564453125
258,0.7061334252357483,0.9318045377731323,0.1580020934343338,0.6315876245498657,0.904211699962616,0.22696378827095032
259,0.6999086141586304,0.9342781901359558,0.1531105637550354,0.6248491406440735,0.9034760594367981,0.23137672245502472
260,0.6926300525665283,0.9334585666656494,0.1547199934720993,0.6418460011482239,0.9050729274749756,0.22674234211444855
261,0.7045777440071106,0.9338626265525818,0.15462885797023773,0.6282044649124146,0.9030326008796692,0.23140452802181244
262,0.6947064399719238,0.9330030083656311,0.15501965582370758,0.6337276101112366,0.9039624333381653,0.22749149799346924
263,0.6898029446601868,0.9344221353530884,0.15100085735321045,0.6241099834442139,0.9025633931159973,0.23266568779945374
264,0.7096184492111206,0.933569073677063,0.15536384284496307,0.6241612434387207,0.9036588668823242,0.22961895167827606
265,0.7001088261604309,0.9324149489402771,0.15613697469234467,0.6263929605484009,0.9028826951980591,0.23276901245117188
266,0.6964330673217773,0.9351065158843994,0.15139731764793396,0.6261873245239258,0.9019639492034912,0.23400244116783142
267,0.7049655914306641,0.9349575638771057,0.1520000696182251,0.6367817521095276,0.9040657877922058,0.22812025249004364
268,0.7058765888214111,0.933573305606842,0.15462327003479004,0.6350128054618835,0.904737651348114,0.2282908409833908
269,0.6940917372703552,0.9317880868911743,0.15928855538368225,0.634856104850769,0.9065322279930115,0.22511203587055206
270,0.6971193552017212,0.9355541467666626,0.15022417902946472,0.619799017906189,0.9041234254837036,0.2293577492237091
271,0.6873396635055542,0.9333757162094116,0.15406540036201477,0.6370223760604858,0.9039148092269897,0.22902216017246246
272,0.7030884027481079,0.9325976967811584,0.15643200278282166,0.6232907772064209,0.9045649766921997,0.22954940795898438
273,0.7028927206993103,0.935433566570282,0.15083664655685425,0.6277193427085876,0.904021143913269,0.22837398946285248
274,0.7020093202590942,0.9337103366851807,0.1532319188117981,0.6232355237007141,0.9031827449798584,0.23085637390613556
275,0.6901826858520508,0.9324970245361328,0.1568460911512375,0.62202388048172,0.9055381417274475,0.2237861156463623
276,0.7059847116470337,0.9350553750991821,0.1511131078004837,0.6241483688354492,0.9016960263252258,0.23262757062911987
277,0.692362904548645,0.935359537601471,0.15100078284740448,0.630747377872467,0.904504120349884,0.2279796153306961
278,0.6832913160324097,0.9329236149787903,0.1556890606880188,0.6278672218322754,0.9048946499824524,0.22619476914405823
279,0.6933048367500305,0.9334926009178162,0.15532256662845612,0.6259171366691589,0.9029586315155029,0.23171977698802948
280,0.705500602722168,0.9319799542427063,0.15681545436382294,0.6309135556221008,0.9046381711959839,0.2284337729215622
281,0.7120643258094788,0.9341515898704529,0.15500108897686005,0.6265996098518372,0.9031655192375183,0.23041826486587524
282,0.7050374150276184,0.9335708618164062,0.1539253443479538,0.6258243322372437,0.9048699736595154,0.22852571308612823
283,0.6993707418441772,0.9337915182113647,0.15431462228298187,0.632163941860199,0.9047676920890808,0.2270362228155136
284,0.6935548186302185,0.9337533712387085,0.15490657091140747,0.6308910250663757,0.9042909145355225,0.23094059526920319
285,0.6969313025474548,0.9333637952804565,0.1544853001832962,0.625163733959198,0.9028399586677551,0.23215234279632568
286,0.7091783881187439,0.9345698952674866,0.15257921814918518,0.6251776814460754,0.9037891626358032,0.23011526465415955
287,0.701637327671051,0.9321284294128418,0.15664777159690857,0.6217148900032043,0.9049972295761108,0.22626277804374695
288,0.7013147473335266,0.9328418374061584,0.155692458152771,0.6181004643440247,0.903996467590332,0.22800998389720917
289,0.6989643573760986,0.9316739439964294,0.15904554724693298,0.6231803297996521,0.9009920358657837,0.23906470835208893
290,0.7026560306549072,0.9348148107528687,0.15157076716423035,0.6301819682121277,0.9041746854782104,0.22865541279315948
291,0.7013245820999146,0.936566174030304,0.14810062944889069,0.632768452167511,0.9045578241348267,0.22847583889961243
292,0.7003319263458252,0.9314539432525635,0.15955865383148193,0.6350753903388977,0.9039618372917175,0.22824136912822723
293,0.6929694414138794,0.9338104724884033,0.15434572100639343,0.6327717900276184,0.9055317640304565,0.22768740355968475
294,0.6987938284873962,0.9352113604545593,0.14983022212982178,0.6270134449005127,0.9025195240974426,0.23292072117328644
295,0.6966646313667297,0.9348365068435669,0.15169259905815125,0.6366682648658752,0.9034696221351624,0.22908025979995728
296,0.7065601944923401,0.9335721731185913,0.15608839690685272,0.6305747032165527,0.9041611552238464,0.2271750271320343
297,0.6769935488700867,0.9345030784606934,0.15314407646656036,0.6414907574653625,0.9043576121330261,0.22999852895736694
298,0.6989143490791321,0.9313833713531494,0.1595216542482376,0.6337573528289795,0.903325080871582,0.2302112877368927
299,0.7084791660308838,0.9355130791664124,0.1497255265712738,0.6310176849365234,0.904194176197052,0.22953549027442932
300,0.7058399319648743,0.9350045919418335,0.1519278734922409,0.6255835890769958,0.9027528762817383,0.2314358502626419
301,0.7001504302024841,0.9326766133308411,0.15675456821918488,0.6295990943908691,0.9048817753791809,0.22768762707710266
302,0.7063494324684143,0.9364038109779358,0.14792250096797943,0.6305069923400879,0.9048325419425964,0.2285073846578598
303,0.707044780254364,0.933064341545105,0.15531639754772186,0.6350898146629333,0.9041274785995483,0.23081901669502258
304,0.6967935562133789,0.934731662273407,0.15257912874221802,0.6192914843559265,0.9036960005760193,0.23196128010749817
305,0.6967568397521973,0.9347521066665649,0.15145400166511536,0.6249043345451355,0.9027878642082214,0.2313288003206253
306,0.6970371603965759,0.9301128387451172,0.16304783523082733,0.635290801525116,0.9045727252960205,0.2264866679906845
307,0.6888514161109924,0.933559775352478,0.15379561483860016,0.6354786157608032,0.9040860533714294,0.2275388389825821
308,0.7065129280090332,0.9358983039855957,0.14941182732582092,0.6315375566482544,0.9041058421134949,0.22869208455085754
309,0.6998428106307983,0.9322858452796936,0.15718625485897064,0.6357208490371704,0.9040841460227966,0.22833557426929474
310,0.7038040161132812,0.9307041168212891,0.16133199632167816,0.6243842244148254,0.90340656042099,0.23173364996910095
311,0.697036623954773,0.9337895512580872,0.15381811559200287,0.6236323714256287,0.9033825993537903,0.22950471937656403
312,0.7042584419250488,0.9331702589988708,0.1564582884311676,0.6293466091156006,0.904998242855072,0.22603839635849
313,0.7007651329040527,0.9337704181671143,0.15344567596912384,0.6259283423423767,0.9045048356056213,0.23009338974952698
314,0.6910879611968994,0.9351388812065125,0.151628315448761,0.6380972862243652,0.9057983756065369,0.22294121980667114
315,0.7000369429588318,0.9326925277709961,0.15641196072101593,0.6233316659927368,0.9038234949111938,0.2319120615720749
316,0.6981313228607178,0.9334083795547485,0.15411889553070068,0.6289414763450623,0.9036296606063843,0.23045648634433746
317,0.7027093768119812,0.9346529245376587,0.15232492983341217,0.6322084665298462,0.9045770168304443,0.2264457494020462
318,0.699256181716919,0.9337232708930969,0.15638719499111176,0.6305564641952515,0.9030264616012573,0.23067626357078552
319,0.6938169598579407,0.9308172464370728,0.16071008145809174,0.6263783574104309,0.903116762638092,0.23265402019023895
320,0.6957363486289978,0.9354334473609924,0.15054704248905182,0.6314389109611511,0.903782308101654,0.2295597344636917
321,0.694191038608551,0.9325418472290039,0.1561756581068039,0.6359815001487732,0.9048715829849243,0.22809068858623505
322,0.7118784189224243,0.934110701084137,0.15339134633541107,0.6257696747779846,0.9043430089950562,0.2287413477897644
323,0.6979488134384155,0.9306375980377197,0.16099447011947632,0.623450517654419,0.9024731516838074,0.23407797515392303
324,0.6878199577331543,0.9336803555488586,0.15376754105091095,0.6349640488624573,0.9031764268875122,0.23293258249759674
325,0.6968914270401001,0.9344159364700317,0.1525147408246994,0.6307713985443115,0.9030441045761108,0.23231615126132965
326,0.7069852948188782,0.9357580542564392,0.14878147840499878,0.6276060342788696,0.9053358435630798,0.22592094540596008
327,0.688488245010376,0.9327394366264343,0.15701261162757874,0.629599392414093,0.9042030572891235,0.22846709191799164
328,0.713659405708313,0.9352490901947021,0.15102900564670563,0.6275274753570557,0.9043047428131104,0.22823196649551392
329,0.7046119570732117,0.9324072003364563,0.1568463146686554,0.6269506216049194,0.9036493301391602,0.23082460463047028
330,0.6944553852081299,0.9373332262039185,0.14500121772289276,0.6301628947257996,0.9037216305732727,0.22808469831943512
331,0.6883666515350342,0.9309744834899902,0.1606084704399109,0.6388533711433411,0.9054158329963684,0.22916419804096222
332,0.696472704410553,0.9369598031044006,0.14829698204994202,0.632344126701355,0.9041282534599304,0.2270374596118927
333,0.7002798914909363,0.9319791197776794,0.15763485431671143,0.6393812298774719,0.9042935967445374,0.22753722965717316
334,0.6960750222206116,0.9353125691413879,0.1493959277868271,0.6294445991516113,0.9039000272750854,0.2283427119255066
335,0.7023926973342896,0.9317322969436646,0.1591303050518036,0.6225050091743469,0.9028392434120178,0.2348981350660324
336,0.7112780213356018,0.9367883801460266,0.147690549492836,0.6241127252578735,0.9034672379493713,0.22908322513103485
337,0.6961326599121094,0.9337767362594604,0.15314996242523193,0.6313967704772949,0.9048426747322083,0.22586777806282043
338,0.7068482637405396,0.9330078363418579,0.1562342494726181,0.6296429634094238,0.9028613567352295,0.23233337700366974
339,0.6866803765296936,0.9341127872467041,0.15336552262306213,0.6272295713424683,0.9025781154632568,0.23372912406921387
340,0.7062913775444031,0.934544026851654,0.15220944583415985,0.6199410557746887,0.9029195308685303,0.22933559119701385
341,0.7007726430892944,0.9314810037612915,0.15853512287139893,0.6171810030937195,0.9037084579467773,0.23122191429138184
342,0.6944043040275574,0.9331392645835876,0.15588656067848206,0.6227031350135803,0.9031450152397156,0.23335371911525726
343,0.6953272223472595,0.9376295804977417,0.14584150910377502,0.6368062496185303,0.9052050709724426,0.22596344351768494
344,0.7079989314079285,0.9333917498588562,0.15403829514980316,0.6288977861404419,0.9043772220611572,0.22771571576595306
345,0.686927855014801,0.9336872100830078,0.1536821573972702,0.6225583553314209,0.9031528830528259,0.23176170885562897
346,0.6972597241401672,0.9344878196716309,0.15293700993061066,0.626326858997345,0.9043325781822205,0.2268529236316681
347,0.6930062770843506,0.9356648325920105,0.15056173503398895,0.6316542625427246,0.9039822220802307,0.2318611741065979
348,0.693597137928009,0.9348025918006897,0.1523604691028595,0.6416909098625183,0.9038022756576538,0.22876203060150146
349,0.7122122645378113,0.9327250123023987,0.15757764875888824,0.6300859451293945,0.9028517007827759,0.23145005106925964
350,0.704378604888916,0.9343795776367188,0.1525549739599228,0.6378908157348633,0.9028825759887695,0.231722891330719
351,0.6994916200637817,0.9334971904754639,0.15417420864105225,0.6270341873168945,0.901508629322052,0.23662768304347992
352,0.6964580416679382,0.9338107705116272,0.15276303887367249,0.6197535991668701,0.9022929072380066,0.23337022960186005
353,0.7027860283851624,0.933828592300415,0.15449394285678864,0.6301284432411194,0.9035276174545288,0.2308734655380249
354,0.7073830366134644,0.9322155714035034,0.1572604924440384,0.621671199798584,0.9021478891372681,0.2341255396604538
355,0.6877085566520691,0.9334577918052673,0.1530054807662964,0.6337108016014099,0.9040195941925049,0.22978055477142334
356,0.6851527094841003,0.9319717884063721,0.1568058431148529,0.6254540681838989,0.903560221195221,0.23056398332118988
357,0.6947323083877563,0.9314543604850769,0.15979087352752686,0.6313346028327942,0.9054629802703857,0.22487764060497284
358,0.7112144827842712,0.9329738020896912,0.155134916305542,0.62663334608078,0.9026457071304321,0.23079530894756317
359,0.6977718472480774,0.9335713386535645,0.15390513837337494,0.6271080374717712,0.9034587740898132,0.23167048394680023
360,0.6973536610603333,0.9344807863235474,0.15293723344802856,0.625730574131012,0.9041833877563477,0.22836418449878693
361,0.7049402594566345,0.9346989989280701,0.15151533484458923,0.6266996264457703,0.9031332731246948,0.2303813397884369
362,0.6934604048728943,0.9325737953186035,0.15683986246585846,0.6273168921470642,0.9026210308074951,0.23308856785297394
363,0.6931785345077515,0.9310098886489868,0.1590563803911209,0.6232385635375977,0.9043099284172058,0.22767530381679535
364,0.6911287903785706,0.9344956874847412,0.1518968790769577,0.6278355121612549,0.9043290615081787,0.22944949567317963
365,0.6998536586761475,0.9334038496017456,0.15407462418079376,0.630801796913147,0.9034857749938965,0.22995208203792572
366,0.7043948173522949,0.9333186745643616,0.15472163259983063,0.6327874064445496,0.904880166053772,0.22631412744522095
367,0.6918128728866577,0.9334620237350464,0.15318003296852112,0.6342512369155884,0.9048707485198975,0.22566206753253937
368,0.7024635672569275,0.9338216185569763,0.15374846756458282,0.6200844645500183,0.9042145013809204,0.227936789393425
369,0.7078872323036194,0.9343041777610779,0.15278655290603638,0.6291194558143616,0.9023687243461609,0.22954098880290985
370,0.6972824931144714,0.9333261847496033,0.15457503497600555,0.639401376247406,0.9059444069862366,0.2278837263584137
371,0.6992959976196289,0.9356350898742676,0.15106748044490814,0.6330363154411316,0.903779923915863,0.23213806748390198
372,0.7012902498245239,0.9343878030776978,0.1526665985584259,0.6323635578155518,0.9047053456306458,0.22633014619350433
373,0.6966201663017273,0.9318883419036865,0.15777045488357544,0.6238313317298889,0.9035930037498474,0.23197266459465027
374,0.6988986730575562,0.9331803917884827,0.15557806193828583,0.6230058670043945,0.9045958518981934,0.22919566929340363
375,0.7127718925476074,0.934367299079895,0.15317629277706146,0.6258556246757507,0.9045270681381226,0.22929006814956665
376,0.6970757842063904,0.9344727396965027,0.1531112790107727,0.6347023844718933,0.9051539301872253,0.22504393756389618
377,0.6933403611183167,0.9344653487205505,0.15252728760242462,0.6336666941642761,0.9058611989021301,0.22497816383838654
378,0.710826575756073,0.9327787160873413,0.15706317126750946,0.6332236528396606,0.9057533144950867,0.22980956733226776
379,0.6981146335601807,0.9341574311256409,0.15281620621681213,0.6287755966186523,0.9028009176254272,0.23425842821598053
380,0.702747106552124,0.9342857003211975,0.15229535102844238,0.6295836567878723,0.9056402444839478,0.22478652000427246
381,0.7021217346191406,0.9312198758125305,0.16013768315315247,0.623224675655365,0.9036751389503479,0.23059947788715363
382,0.6879091262817383,0.9323795437812805,0.15582481026649475,0.6306624412536621,0.9033441543579102,0.23145458102226257
383,0.7000735998153687,0.9299154281616211,0.16117507219314575,0.6339338421821594,0.9045177102088928,0.22846776247024536
384,0.7042204737663269,0.9378806352615356,0.14465807378292084,0.630201518535614,0.9032346606254578,0.23252013325691223
385,0.7106111645698547,0.9354877471923828,0.15084609389305115,0.621455192565918,0.9039508104324341,0.22924232482910156
386,0.6957927346229553,0.934337317943573,0.15317848324775696,0.6301831007003784,0.9047453999519348,0.22618994116783142
387,0.6939511299133301,0.9347196221351624,0.15157543122768402,0.6283032894134521,0.9030148386955261,0.22959153354167938
388,0.6980738639831543,0.9336243867874146,0.15333211421966553,0.621995210647583,0.9020514488220215,0.2360093593597412
389,0.7062071561813354,0.9337214231491089,0.15330296754837036,0.6275336146354675,0.9024283289909363,0.23271863162517548
